date,area,item,status,refs,key_paths,summary
2026-06-25,keyword-engine,"P2.4 DuckDB-1.4 GCM verify (the persisted-columnar D1 unblock)",verified-deferred,claude/modest-gauss-9ae4mc,src/analytics/columnar.py,"Keyword-engine optimization P2.4 (VERIFY-FIRST). Installed DuckDB 1.5.4 in the venv and empirically tested whether >=1.4 writes an authenticated AES-256-GCM encrypted store NATIVELY (without the OpenSSL httpfs extension), which would let us relax secure_crypto_available and PERSIST the rollups (the real perf win). REFUTED: DuckDB 1.5.4 REFUSES an encrypted WRITE without LOAD httpfs -- error 'DuckDB currently has a read-only crypto module loaded ... ensure httpfs is loaded ... To write an encrypted database ... that is NOT securely encrypted, one can use SET force_mbedtls_unsafe=true.' The only no-httpfs write path is the explicitly-UNSAFE mbedtls = the forbidden fabricated-security. VERDICT: do NOT relax the gate; keep the engine IN-MEMORY; the persisted-rollup perf win stays blocked on bundling per-OS httpfs binaries (OPERATIONAL, networked machine -- never fabricate). 2nd finding: 1.5.x enable_external_access=False also blocks a file ATTACH outright (moot while httpfs gates). Recorded in columnar.py EMPIRICAL FINDING. No code change (the gate already returns False = correct)."
2026-06-25,keyword-engine,"P1.4 FTS5 'optimize' + planner tuning pass after a bulk load (Phase 1 COMPLETE)",shipped,claude/modest-gauss-9ae4mc,src/database/fts.py src/analytics/reindex_job.py src/ingest/import_job.py tests/test_fts_optimize.py,"Keyword-engine optimization Phase 1.4 (the SQLCipher+FTS5 tuning pass; completes Phase 1). src/database/fts.py:optimize_after_bulk(session) runs the FTS5 'optimize' segment-merge (INSERT INTO article_fts(article_fts) VALUES('optimize') -- DISTINCT from PRAGMA optimize; verified it did NOT run before, only 'rebuild' at init) + PRAGMA optimize (planner stats, analysis_limit-bounded). Both gated (writes) + SQLite-only + best-effort (a tuning failure incl. a missing FTS table never breaks the caller). Wired after a COMPLETE re-index pass (keyword-table churn -> planner) AND after the newsletter folder import (article bulk-load -> FTS segment churn). cache_size left at the memory-conservative OO_SQLITE_CACHE_MB default 64 MiB for the reference AppVM (mmap unavailable under the codec so cache_size is the lever -- documented); no default change. tests/test_fts_optimize.py (the merge keeps FTS search exact; best-effort without an FTS table) + the invariant guard. VERIFIED py3.13 venv: 167 targeted green, ruff F/B, mypy 127=baseline. PHASE 1 (unblock-the-rebuild) COMPLETE: 1.1 job + 1.2 keyword-only + 1.3 batched commits + 1.4 tuning."
2026-06-25,keyword-engine,"P1.3 batched commits in the re-index (COLLECTOR_WRITER_BATCHING)",shipped,claude/modest-gauss-9ae4mc,src/analytics/store.py src/analytics/reindex_job.py tests/test_analytics_store.py tests/test_write_gate_dataloss.py,"Keyword-engine optimization Phase 1.3 (the data-loss-critical writer path; keystone #1). index_article gains commit:bool=True (default byte-identical; False leaves mentions+counter-deltas+when/where/who PENDING so a caller batches several articles into ONE commit/fsync). reindex_all_batch gains commit_batch:int=1 (default per-article=byte-identical; >1 commits every N) with the PROVEN ingest_emails rollback-then-redo-per-article fallback (_redo_committed): a batch-commit failure (transient lock) OR an error building one article rolls the batch back and redoes it one-at-a-time committed, a bad/locked one isolated -- idempotent re-index reproduces the full result, so NO batch-mate is ever dropped. The ReindexJobManager reads OO_REINDEX_COMMIT_BATCH (default 1). NO-LOSS tests: batched==per-article with counters==the live GROUP BY (zero drift), failure-fallback loses nothing, AND a real-SessionLocal contention test (a batched re-index HOLDING the gate across a batch races concurrent ingest -> zero locks, zero loss, exact sentinel counters, no gate leak). DECISION (autonomous, ledgered): the COLLECTOR-path batching (the doc's store_fetched restructure) is DEFERRED -- live-perf-gated per its own doc (unmeasurable in-session) + the riskiest 50-worker hot-path change; the commit=False primitive now exists so it is a smaller follow-up when the maintainer can measure live. VERIFIED py3.13 venv: 57-test ingest/index hot-path regression + 160 targeted green, ruff F/B, mypy 127=baseline."
2026-06-25,keyword-engine,"P1.2 keyword-only re-index scope",shipped,claude/modest-gauss-9ae4mc,src/analytics/store.py src/analytics/reindex_job.py src/api/insights.py src/static/app.js tests/test_analytics_store.py,"Keyword-engine optimization Phase 1.2. index_article gains scope=full|keywords: keywords recomputes the keyword pass ONLY (skips when/where/who [dates/places/entities] + sentiment, ~2/3 less work for a keyword cleanup); the language deduction stays in both (it picks the extraction stoplist). Threaded through reindex_all_batch -> the ReindexJobManager (persisted + reported in status) -> POST /api/insights/reindex-job?scope= (400 on a bad scope). The Settings Clean-up-keywords button now uses keyword-only; Re-index-the-whole-corpus stays full. Default scope=full is byte-identical (no ingest hot-path change). Tests: test_analytics_store (keyword-only skips when/where/who+sentiment via the tally + leaves sentiment untouched; identical keyword rows to a full pass) + test_reindex_job (scope plumbs through the job) + the invariant scope guard. VERIFIED py3.13 venv: 47-test ingest/index hot-path regression + 153 targeted green, ruff F/B, mypy 127=baseline, node --check, i18n 100%. Frontend browser-unverified (fork-3)."
2026-06-25,keyword-engine,"P1.1 backend re-index JOB (persisted cursor, pausable, task-manager-visible)",shipped,claude/modest-gauss-9ae4mc,src/analytics/reindex_job.py src/api/insights.py src/api/jobs.py src/static/app.js tests/test_reindex_job.py,"Keyword-engine optimization Phase 1.1. Moves the whole-corpus re-index OFF the client loop (which restarted from article 0 and stopped on tab close) into a backend JOB mirroring NewsletterImportManager: worker thread + stop-event PAUSE + on-disk persisted CURSOR (data_dir()/reindex_job.json = last article id + total/done/tally/prune_after), so it survives a tab close/app restart and RESUMES from where it stopped. Drives reindex_all_batch; DB-writer kind=reindex joins the collect/import/reindex single-writer arbitration; idempotent re-index is the no-loss net. Endpoints POST /api/insights/reindex-job + /reindex-job/{action} + GET /reindex-job/status; surfaced in /api/jobs (_reindex_jobs, pause/resume routed); the Settings Clean-up + Re-index buttons now start+poll the job (legacy _reindexAllLoop/_pruneCore kept defined as fallback + for the invariant test). VERIFIED py3.13 venv: 6 job tests + test_reindex_background_job_is_wired + jobs/insights regression green, ruff F/B, mypy 127=baseline, node --check, i18n 100%, audit-chrome clean. Frontend browser-unverified (fork-3)."
2026-06-25,stats/official-statistics,AUTONOMOUS BATCH 2026-06-25,partial,#481 #479 claude/ecstatic-edison-mseu1p,,
,keyword-engine,"OUTRAGE-INTENSITY — the 9th manipulation measure, SECONDARY",partial,,src/analytics/outrage.py tests/test_outrage.py,"Per the ledger ruling outrage-intensity is SECONDARY — it ANNOTATES another card, NEVER a standalone Home Lead — so this ships the pure measure + wires it as a component on the existing headline-body card, with NO new producer registered. `"
,stats/official-statistics,ooMap STATS CHOROPLETH — the §5B Phase C visible capstone,partial,#478,tests/test_stats_map_store.py,"Makes the whole arc visible: colour a world map by ONE official-statistics indicator, through the ONE `ooMap` component + the node-tested `ooViz.choroplethData` honesty gate (#478) — NOT a second map component (the ""one ooMap"" ruling), plac"
,stats/official-statistics,JSON-STAT LIVE FETCH CLIENT — unlocks the parse_jsonstat parser for real data,partial,#469,tests/test_stats_jsonstat_fetch.py,"The `parse_jsonstat` parser (#469, JSON-stat v2/v1 → figures) had NO live data path; this adds it (symmetric to the OWID-CSV client). NEW `fetch.fetch_jsonstat(url, *, agency, series_id=None, get=None, extracted_at=None)`: JSON-stat produce"
,stats/official-statistics,OWID-CSV LIVE FETCH CLIENT — unlocks the parse_csv parser for real data,partial,#479 #469 claude/ecstatic-edison-mseu1p,tests/test_stats_owid_fetch.py,"The `parse_csv` parser (#469, OWID grapher tidy CSV → figures) had NO live data path; this adds it, following the established `fetch.py` pattern (guarded factory · kill-switch refusal up front · injectable getter · transport never downgrade"
,stats/official-statistics,CHOROPLETH STORE FEED + /api/stats/map ENDPOINT,partial,#478 claude/ecstatic-edison-mseu1p,tests/test_stats_map_store.py,"The backend feed for the `choroplethData` honesty layer shipped in #478. `store.map_figures(session, *, series_id, agency=None, time_period=None, limit=2000)` loads the matching `StatFigureRow`s, keeps the latest VINTAGE per (agency,series,"
,stats/official-statistics,"ooViz CHOROPLETH DATA LAYER — the ""normalized-only"" ruling made concrete",partial,#477 claude/ecstatic-edison-mseu1p,src/static/ tests/ooviz_node_test.js,"The §5B research's open ruling — ""choropleth NORMALIZED-only; levels → proportional symbols; never compare incomparable denominators silently"" — built as TWO pure `src/static/ ooviz.js` functions whose honesty lives in the SHAPE of the outp"
2026-06-25,stats/official-statistics,i18n — KEY THE NEW STATISTICS-PANEL STRINGS ×12,partial,#17 #474 #476 claude/ecstatic-edison-mseu1p,,"The revision-anomalies (#474) + stat-chart (#476) panel strings shipped English-fallback; the maintainer repeatedly flags untranslated surfaces, and both ledger entries flagged ""key ×12"" as REMAINING — done. Keyed the 7 byte-exact strings: "
2026-06-25,stats/official-statistics,STAT TIME-SERIES CHART,partial,#475 #24 claude/ecstatic-edison-mseu1p,,"Wires the whole stats-viz arc into a visible chart in Settings → Statistics. (1) `ooViz.statChart Geometry(series, opts)` — a NEW PURE, node-tested geometry helper (added to the merged ooviz.js): from a `to_chart_series` result it computes "
2026-06-25,stats/official-statistics,CHART-SERIES STORE-PULL + /api/stats/figures/series ENDPOINT 2026-06-25,partial,#474 claude/ecstatic-edison-mseu1p,,"The feed the stat time-series chart (Phase B3) needs. `store.chart_series(session, *, series_id, ref_area, agency=None)` loads the matching `StatFigureRow`s for ONE (series_id, ref_area), adapts each via `StatFigure(**_row_dict(r))` (same D"
2026-06-25,stats/official-statistics,REVISION-ANOMALIES GUI SURFACE,partial,#473 #472 #23 claude/ecstatic-edison-mseu1p,,"The reliable-memory check (`/api/stats/revision- anomalies`, merged #472) had no GUI; the maintainer field-tests the GUI. Added a ""Revision anomalies"" section to the Settings → Statistics panel (index.html, after the triangulate box): a ""Ch"
2026-06-25,stats/official-statistics,ooViz HONEST-CHART PRIMITIVES + statSeriesPaths,partial,#472 claude/ecstatic-edison-mseu1p,docs/research/dataviz/honest-charts.js src/static/ooviz.js tests/ooviz_node_test.js tests/test_ooviz.py,"Adopted the MIT research primitive set `docs/research/dataviz/honest-charts.js` into the app as `src/static/ooviz.js` — a classic dual node/browser module (IIFE attaching `root.ooViz=API` + `module.exports=API`, the osmpbf.js convention), z"
2026-06-25,stats/official-statistics,REVISION-ANOMALY STORE-PULL + ENDPOINT 2026-06-25,partial,#471 claude/ecstatic-edison-mseu1p,,"Makes the reliable-memory kernel reachable. `store.py` gained `revision_anomalies(session, *, agency/series_id/ref_area filters, min_prior_revisions=4, z_min=3.5)` — loads the FULL vintage trail (every `extracted_at`, NEVER latest-only — th"
2026-06-25,stats/official-statistics,REVISION-ANOMALY DETECTOR over StatFigure vintages 2026-06-25,shipped,#470 claude/ecstatic-edison-mseu1p,src/stats/ tests/test_stats_revision.py,"The project's deepest intention is reliable memory — History must not be SILENTLY rewritten — and official statistics ARE rewritten every vintage. `src/stats/ revision.py:find_revision_anomalies(figures)` flags, RETROSPECTIVELY, when the MO"
2026-06-25,stats/official-statistics,BULK STATS PARSERS — wide CSV + ZIP container,partial,#469 claude/ecstatic-edison-mseu1p,src/stats/bulk.py tests/test_stats_bulk.py,"The single-cell parsers (sdmx.py) handle one observation per row; V-Dem (hundreds of indicator columns) + OWID-energy are WIDE, and V-Dem/UCDP ship as ZIPs — neither was ingestable. `src/stats/bulk.py` (pure, stdlib `csv`/`zipfile`, reuses "
2026-06-25,stats/official-statistics,OFFLINE STATS PARSERS — CSV,partial,claude/ecstatic-edison-mseu1p,src/stats/sdmx.py tests/test_stats_csv_jsonstat_parse.py src/stats/series.py tests/test_stats_series.py docs/research/,"`src/stats/sdmx.py` only handled WB-JSON + SDMX-JSON 2.1, so the research-flagged best-verified global data (OWID energy/CO₂ via CSV) and all of Eurostat + IRENA (via JSON-stat) were un-ingestable. Added TWO pure parsers to the same offline"
2026-06-25,stats/official-statistics,STATUS-BAR TRANSPARENCY — remark 14 REOPENED + FIXED 2026-06-25,shipped,#460 claude/vibrant-thompson-bez6dq,,"The #460 fix put `background:var(--bg2)` on the CHILDREN (`.topbar` + `.subtab-strip`) but NOT on the sticky WRAPPER `.chrome` (`app.css:127`, `position:sticky;top:0`). When the facet strip is HIDDEN (most tabs) or a sub-pixel seam exists, "
2026-06-25,stats/official-statistics,BRIEF-STATUS AUDIT + FUTURE_DEVELOPMENTS UNRESOLVED SECTION 2026-06-25,partial,claude/vibrant-thompson-bez6dq,docs/design/AUTONOMOUS_SESSION_BRIEF_2026-06-24.md docs/FUTURE_DEVELOPMENTS.md,"Ran a 6-agent parallel read-only audit (Workflow, ultracode opt-in) verifying all 31 items of `docs/design/AUTONOMOUS_SESSION_BRIEF_2026-06-24.md` against the ACTUAL tree, then wrote an authoritative ""AUTONOMOUS BRIEF 2026-06-24 — UNRESOLVE"
2026-06-25,backup/restore,i18n SLICE — NEW TOP-LEVEL SURFACES ×12 2026-06-25,partial,#463 claude/vibrant-thompson-bez6dq,,"Keyed the 14 cleanest, highest-value new chrome strings from the prior session's surfaces — the Library/Governments/Graphics + backup/folder labels: Graphics · Menu · Browse… · Pick a folder · Use this folder · Click a country · Keyword-gro"
2026-06-25,manipulation-cards,COPYPASTA MANIPULATION CARD 2026-06-25,partial,#463 #461 claude/vibrant-thompson-bez6dq,src/signals/near_dup.py src/analytics/copypasta.py tests/test_copypasta.py docs/degenerate,"The 6th of the nine manipulation cards, built because the earlier ""partly covered by echo_chamber"" read was wrong on reflection: copypasta is a SPAN-level signal echo_chamber (whole-article near-dup) MISSES — the SAME verbatim sentence embe"
2026-06-24,stats/official-statistics,AUTONOMOUS SESSION 2026-06-24,partial,#460 #455 #458 #23 #30 claude/vibrant-thompson-bez6dq,docs/design/AUTONOMOUS_SESSION_BRIEF_2026-06-24.md src/database/maintenance.py tests/test_insights_cache.py tests/test_perf_batch.py docs/design/COLLECTOR_WRITER_BATCHING.md docs/design/SCALING_DERIVED_LAYER_1000X.md docs/design/PERSISTED_DUCKDB_HTTPFS.md tests/test_map_coverage.py,"#455 made the briefing recompute non-blocking + #458 cached the 5 per-corpus endpoints — this adds the honest STOPGAP for the cold FIRST open. The heaviest per-keyword aggregations (`/api/insights/associations`, `/api/insights/graph` both p"
2026-06-24,data-arch/diagnostics,HTTP ERROR CODES → THE DOWNLOADABLE DIAGNOSTIC LOG 2026-06-24,partial,#456 claude/diag-http-error-log,tests/test_errorlog_summary.py,"ANSWER = PARTIALLY already, now COMPLETE. Already: every WARNING/ ERROR/CRITICAL *logged* anywhere (incl. backend exceptions WITH tracebacks + the unhandled-500 handler) lands in `data/app_errors.jsonl`, which rides the downloadable debug b"
2026-06-24,keyword-engine,INSIGHTS PER-CORPUS ANALYSIS CACHING + HONEST SLOW-LOAD 2026-06-24,partial,#455 claude/happy-einstein-6ht33l,src/api/insights.py tests/test_insights_cache.py,"""searching a keyword → analysis screen says Loading… indefinitely."" The Insights-frozen half (`top_terms(group=True)` 17 s) is already warmed off-thread by the #455 briefing fix; this addresses the analysis WINDOW. FINDING: the 5 per-corpus"
2026-06-24,perf/scaling,HOME BRIEFING FREEZE — NON-BLOCKING BACKGROUND RECOMPUTE + PROGRESS BAR 2026-06-24,partial,claude/happy-einstein-6ht33l,tests/test_briefing_api.py,"at 60K articles Home hung forever on ""Loading the briefing…"". ROOT CAUSE (verified): `service.get_briefing` recomputed SYNCHRONOUSLY on the request when the cache was stale/absent (`refresh_briefing` → all producers + `warm_cache`, whole-co"
2026-06-24,keyword-engine,FIELD-TEST DIAGNOSTICS — P0 BUG FIXES 2026-06-24,partial,#449 #450 claude/happy-einstein-6ht33l,src/ingest/email.py src/api/ingestion.py tests/test_email_ingest.py src/law/track.py docs/FUTURE_DEVELOPMENTS.md,"TWO active- failure bugs fixed, both the session-poisoning data-loss class: (P0-A) **Newsletter import failed the WHOLE 5 GB folder with `UNIQUE constraint failed: articles.hash`** (6× unhandled 500 in the bundle, `POST /api/newsletters/imp"
2026-06-24,keyword-engine,KEYWORD-GROWTH,partial,claude/keyword-growth,src/analytics/keyword_growth.py tests/test_keyword_growth.py,"`src/analytics/keyword_growth.py:keyword_growth_curve` plots cumulative DISTINCT keywords against cumulative WORDS (token occurrences) added, ordered by article date. The SHAPE is the diagnostic (Heaps' law): a curve that bends over = the v"
2026-06-23,keyword-engine,INSTALL/BOOTSTRAP FIELD-TEST FIXES,shipped,#446 claude/magical-brown-49m9nd,scripts/bootstrap.sh tests/test_installer.py,"TWO real field failures. (1) BOOTSTRAP DIVERGENCE — origin/0.09 was FORCE-UPDATED (history rewritten) + the install checkout had a stray commit, so `git pull --ff-only` dead-ended with a raw git hint. `scripts/bootstrap.sh` now tries `git m"
2026-06-23,keyword-engine,STOPWORDS-ISO LANGUAGE-SCOPED LISTS,partial,claude/magical-brown-49m9nd,configs/stopwords_iso/ configs/external_artifacts.yml scripts/build_stopwords.py tests/test_stopwords_iso.py,"the 2026-06-23 keyword-engine report (27,303 articles / 406,723 keywords / 1.8M mentions) showed ~88k keywords leaking FUNCTION WORDS in space-segmented languages. The PARALLEL session already PROMOTED those languages to managed (2026-06-22"
2026-06-23,keyword-engine,2026-06-23 MANIPULATION CARD #4 — FLOOD + the foundational KeywordMention.source_id DENORMALISATION,shipped,#447 claude/nice-davinci-bqufft,src/analytics/concentration.py,"the flood half of card #4. FOUNDATION FIRST: `KeywordMention` denormalised observed_on/country from the source but NOT source_id, so a per-source topic-share test would hit the keyword_mentions→articles content-decrypt trap over millions of"
2026-06-23,keyword-engine,2026-06-23 MANIPULATION CARD #3 — MANUFACTURED EMERGENCE,shipped,#447 claude/nice-davinci-bqufft,src/analytics/emergence.py tests/test_emergence.py,"the 4th manipulation card (after #6 source-laundering, #1 recycled-claim, #7 headline-body). `src/analytics/emergence.py: find_manufactured_emergence` names a STRUCTURE never intent: a keyword with ≈0 prior history (prior-period distinct-ar"
2026-06-23,keyword-engine,2026-06-23 §2.6 — OFFLINE SECONDARY/DEDUCED LANGUAGE DETECTION,partial,#447 claude/nice-davinci-bqufft,src/analytics/,"articles the source/extractor left untagged (notably .eml) extracted under the English working-assumption stoplist, so a genuinely FOREIGN one leaked its function words as keywords (the ""?""-language bucket). `src/analytics/ langdetect.py:de"
2026-06-23,llm/ai,2026-06-23 §6 — /api/articles EXPOSES STORED SENTIMENT,shipped,#447 claude/nice-davinci-bqufft,,"the `Article.sentiment_score`/`sentiment_label` columns are populated at ingest/ re-index (VADER English-only) but the article-LIST endpoint never returned them, so the analysis Articles list + search results couldn't show tone without an e"
2026-06-23,keyword-engine,2026-06-23 MANIPULATION CARD #7 — HEADLINE-BODY MISMATCH,shipped,#13 #447 claude/nice-davinci-,src/analytics/headline_body.py,"the 3rd of the nine manipulation-pattern cards (after #6 source-laundering + the near-dup recycled-claim), built to the maintainer's documented spine (FUTURE_DEVELOPMENTS card #7). `src/analytics/headline_body.py:find_headline_body_mismatch"
2026-06-23,security/custody,2026-06-23 P0 §3.1 — INGEST-UNDER-PARALLEL-LOAD WRITER-GATE REGRESSION TEST,shipped,#447 #384 claude/nice-davinci-bqufft,src/database/write.py,the 2026-06-22 audit confirmed the single-writer gate (keystone #1) covers every write path and the 149 `database is locked` errors predate the do_orm_execute fix (#384) — but the corpus runs up to ~50 PARALLEL collect workers against one e
2026-06-23,keyword-engine,2026-06-23 KEYWORD REDUCTION §2.5 — DIGIT-HEAVY CODE-TOKEN EXTRACTION FILTER,partial,claude/nice-davinci-bqufft,src/analytics/extract.py tests/test_keyword_code_tokens.py,"the 2026-06-23 live log (27,303 articles / 406,723 keywords) showed a ~35k bucket of alphanumeric CODE tokens (A-10C, internal ids, model-variant cruft, clock timecodes 1h15) minted as junk keywords — ""NOT yet filtered at extraction."" HONES"
2026-06-23,ui/chrome,HOME-CARD FLIP REDESIGN,partial,#445 #23 claude/trusting-maxwell-p7y2g8,,"the briefing Lead card is now a two-sided 3D FLIP card. FRONT = the lead at a glance (family-themed chip + title + summary[line-clamped] + signal + a ""Details & corpus ⟲"" hint); BACK = caveat + Method + ""Why am I seeing this?"" plain + the e"
2026-06-22,map/geo,GOVERNMENTS TAB — rename World Law + per-country data + map,partial,#14 claude/trusting-maxwell-p7y2g8,src/stats/fetch.fetch_worldbank src/stats/indicators.py src/api/governments.py tests/test_governments_api.py src/catalog/countries.py,"built on the EXISTING substrate — `StatFigure` (per-country/indicator/year vintaged store) + `src/stats/fetch.fetch_worldbank(code,""all"")` + `ooMap` (choropleth) + `ooSubtabs`. PLAN: Governments tab with subtabs **Countries · Map · Law** (L"
2026-06-22,keyword-engine,2026-06-22 FIELD-TEST REMAINDER — WORLD LAW AUTO-SCRAPE WIRING,partial,#18 claude/trusting-maxwell-p7y2g8,docs/baselines src/law/track.py docs/pass configs/legal.yml tests/test_law.py,"the World-law tab was empty (law_track 0 docs/baselines) because legal documents are tracked ONLY in `mode==""law""`, never in the default rss collect pass — the SAME gap markets had before its per-pass auto-load. `src/law/track.py: auto_trac"
2026-06-22,keyword-engine,2026-06-22 FIELD-TEST REMAINDER — CUSTODY DISSOLVED FROM THE SIDEBAR,partial,#20 #22 claude/trusting-maxwell-p7y2g8,,"""Evidence & custody"" is an ACTION on content, so it leaves the (now flat) sidebar — completing the Trust-group dissolution started by #22 — and moves to Settings → Safety (a `showTab('custody')` button, mirroring the earlier integrity disso"
2026-06-22,ui/chrome,2026-06-22 FIELD-TEST REMAINDER — FLAT SIDEBAR + REMOVE SIDEBAR-VISIBILITY,shipped,#22 #17 #20 #23 claude/trusting-maxwell-p7y2g8,,"the sidebar section headers (Investigate/Collect/Trust .gl labels + .nav-group wrappers) are GONE — one FLAT list (`nav.nav-groups.flat`), same order, all tabs present + reachable (invariant #2 intact; also via the command palette). The out"
2026-06-22,misc,2026-06-22 FIELD-TEST REMAINDER — SOURCES MULTI-SELECT FILTERS,partial,#23 #19 claude/trusting-maxwell-p7y2g8,tests/test_source_facets_filters.py,Settings → Sources filters converted from single text inputs to multi-select DROPDOWNS fed by a cheap facets endpoint. Backend: NEW `GET /api/sources/facets` (distinct languages/countries/types/tags + real counts via ONE column-projected qu
2026-06-22,collector/scheduler,2026-06-22 FIELD-TEST REMAINDER — TASK-MANAGER SHOWS THE ACTUAL STRATA,shipped,claude/trusting-maxwell-p7y2g8,tests/test_collection_activity.py,"the Queue preview claimed ""stratified by language and tag"" but never SHOWED the strata. `plan_preview` now emits `strata` = {languages:[{key,n}], tags:[{key,n}], sampled, note} derived from the bounded `rows` sample it ALREADY fetches (ZERO"
2026-06-22,agenda/events,2026-06-22 FIELD-TEST REMAINDER — DEAD CALENDAR FEEDS EXCLUDED FROM AUTO-IMPORT,partial,claude/trusting-maxwell-p7y2g8,configs/calendar_feeds.yml tests/test_calendar_autoimport.py,"the per-pass `auto_import_due_feeds` round-robin included the ~238 robots-disallowed `google-hol-*` (calendar.google.com) + 16 `webcal.guru` feeds, and because ""google-hol-*"" sorts BEFORE the working ""wph-*"" ids, the round-robin attempted ~"
2026-06-22,security/custody,2026-06-22 FIELD-TEST REMAINDER — BOOT-COLD CACHE WARM,partial,claude/trusting-maxwell-p7y2g8,tests/headless src/api/insights.py,"the in-memory insights read cache is empty after a restart, so the FIRST Home/Insights open paid the cold whole-corpus aggregation (warm_cache runs after a scrape pass, but boot is AIRPLANE mode -> no pass; a user who boots + stays offline "
2026-06-22,keyword-engine,2026-06-22 FIELD-TEST REMAINDER — KEYWORD-ENGINE & DATE-VOCAB BATCH,partial,claude/trusting-maxwell-p7y2g8,tests/test_dateextract_more_languages.py,"Two slices: (1) **NO_STOPLIST TAIL → MANAGED.** Promoted 14 languages to `MANAGED_LANGUAGES` after verifying each tokenises WHOLE words (empirical 2026-06-22) + giving each a pure-grammar stoplist: fa/ur (Arabic script), uk (Cyrillic, the g"
2026-06-22,backup/restore,2026-06-22 SESSION — POST-MERGE CONTINUATION,partial,#439 #10 #441 #11 #12,src/api/files.py tests/test_fs_browser.py,the folder-backup destination + the .eml folder-import took a server-side path the user had to TYPE (a browser file dialog can't return a host path). NEW `src/api/files.py` `GET /api/fs/list?path=&show_hidden=` lists a directory's SUBDIRECT
2026-06-22,perf/scaling,2026-06-22 AUTONOMOUS SESSION,partial,#384 claude/keen-davinci-jvsmfh,docs/design/AUTONOMOUS_SESSION_BRIEF_2026-06-22.md tests/test_ingest_index_retry.py tests/test_errorlog_summary.py tests/test_merge_dates_collision.py tests/test_briefing_stale_cache.py tests/test_insights_cache.py,SHIPPED anyway as warranted defence-in-depth + the trustworthiness fix that lets the maintainer SEE it's closed: - **P0-1 defence-in-depth (data-loss class):** `index_article`'s when/where/who block RE-RAISES a lock error instead of swallow
2026-06-21,keyword-engine,KEYWORD-COUNT REDUCTION + RING-LOOP,shipped,claude/magical-brown-49m9nd,tests/test_keyword_counters.py docs/testing/LEGAL_DECLINE_UNINSTALL_TEST.md,"the honest read recorded — ~500K keywords is mostly JUNK (markup tokens + unmanaged-language function words + merge-orphans), NOT legitimate rare terms, so the reduction is junk-REMOVAL (aligned with the no-arbitrary-cap policy), not a cap."
2026-06-21,misc,INSTALL NETWORK-RESILIENCE,shipped,claude/magical-brown-49m9nd,tests/test_installer.py,"ROOT CAUSE was a NETWORK/DNS dropout mid-resolution (`Temporary failure in name resolution` / `Read timed out` for files.pythonhosted.org), not a real dependency conflict — pip's default 15s timeout made it backtrack through every nltk/netw"
2026-06-21,map/geo,FIELD-TEST REMAINDER BATCH 5,partial,#420 claude/magical-brown-49m9nd,tests/test_keyword_counters.py,"SHIPPED, each its own slice: (§2.3) OFFLINE-MAP per-row reorder — queued OSM region downloads now show their queue position (#N) + ↑/↓ controls in the Settings list (`osmMove`, optimistic renumber+repaint then `/api/geo/downloads/reorder`);"
2026-06-21,llm/ai,FIRST-LAUNCH LEGAL-ACCEPTANCE GATE + LEGAL DOCS ×12 UI LANGUAGES,partial,#425 #426 #428 #429 #430 claude/quirky-goodall-86u3ex,src/safety/uninstall.request_uninstall src/legal/documents.py docs/legal/ src/api/legal.py tests/test_legal_documents.py,"THREE maintainer rulings (AskUserQuestion): (a) DECLINE = confirm-then-UNINSTALL (typed `UNINSTALL`, reuses `src/safety/uninstall.request_uninstall` SECURE mode — venv/launchers/app-folder removed + data&keys wiped); (b) translations AI-DRA"
2026-06-21,stats/official-statistics,FIELD-TEST FOLLOW-UP BATCH 3,partial,#427 #21 claude/amazing-tesla-z6bwkm,,"per-item shipped notes live in their own ledger entries; this is the roll-up. SHIPPED: §2.B FOLDER-IMPORT JOB (pausable DB-writer, reuses batched ingest_emails — entry above) · §2.C MODEL-DOWNLOAD QUEUE + AI-tab downloads section (entry abo"
2026-06-21,stats/official-statistics,FIELD-TEST FOLLOW-UP BATCH 4,partial,#427 claude/amazing-tesla-z6bwkm,,"SHIPPED (each its own entry above, this is the roll-up): (a) the §2.B PERSISTED IMPORT CURSOR (resume survives an app restart — entry above; backend VERIFIED py3.11); (b) a determinate `<progress>` bar on the .eml folder-import UI (driven b"
,keyword-engine,TRENDING COVERING INDEX,partial,claude/amazing-tesla-z6bwkm,tests/test_trending_index.py,"`/api/insights/trending-windows` (~20s idle / ~98s under load, polled from Home) is observed_on-WINDOWED, so the corpus-wide keyword counters can't serve it; `trending()._counts` runs `SELECT keyword_id, SUM(count) WHERE observed_on IN [lo,"
2026-06-20,keyword-engine,MARKUP STRIP AT THE EXTRACTION CHOKEPOINT,partial,claude/amazing-tesla-z6bwkm,src/analytics/extract.py tests/test_keyword_extract_strips_markup.py,"the keyword tokenizer `_WORD_RE` mints `div`/`span`/`max-width`/`font-size`/`font-family` directly from any raw HTML/CSS in a stored body (CSS property names with hyphens tokenise as ONE word) — the live log's 36,519-keyword unknown-languag"
2026-06-20,keyword-engine,IN-APP SCALING BENCHMARK 2026-06-20,shipped,#419 claude/modest-hopper-gisgst,src/monitoring/benchmark.py tests/test_benchmark.py,"the data-architecture scaling work was proven byte-identical but never proven FAST at scale on a real machine. `src/monitoring/benchmark.py`: `run_benchmark(session, repeats=3)` times the hot read paths against the LIVE corpus N times (run "
2026-06-20,backup/restore,BACKUP IMPORT ACROSS VERSIONS — CONFIRMED TO MAINTAINER 2026-06-20,shipped,,,"maintainer asked whether OLD-architecture backups are usable + whether articles get re-analysed on import. ANSWER = YES to both: oo-backup-2 artifacts restore additively (merge engine) down to the 0.0.8-baseline schema floor (FLOOR_NOTE ""0."
2026-06-20,stats/official-statistics,AUTONOMOUS V0.1 BATCH,partial,#413 #51 #23 claude/sweet-keller-ozdip1,tests/test_repo_invariants.py,"**AUTONOMOUS V0.1 BATCH (2026-06-20, branch claude/sweet-keller-ozdip1 = ONE rolling branch per the system-reminder ""develop only on this branch / NEVER push to a different branch""; PR #413 draft onto 0.09, accumulating commits — also elimi"
2026-06-20,stats/official-statistics,AUTONOMOUS V0.1 — THEME-2 #51 OSM ADMIN-BOUNDARY CHOROPLETH,partial,#51 claude/sweet-keller-ozdip1,src/static/osmpbf.js tests/osmpbf_node_test.js tests/test_repo_invariants.py,"the maintainer-ruled #51 — colour each country by data using REAL OSM admin boundaries, fixing the ~75 microstates the coarse Natural-Earth 110m `world_countries.json` drops. Built on the shipped `src/static/osmpbf.js` (it decoded dense nod"
2026-06-19,keyword-engine,"SLICE 4 PR-3 — HEAVY-AGGREGATION PERF VIA THE COUNTERS, NOT DUCKDB 2026-06-19",partial,,tests/test_associations_perf.py,"the honest engineering call — /api/insights/associations (76 s) was an N+1, not a columnar problem, so the Slice-2 counters fix it with no new dependency, no persistence gate, offline, byte-identical. queries.associations now batch-loads th"
2026-06-19,data-arch/diagnostics,EXTERNAL-ARTIFACT FRESHNESS REGISTRY + COMPATIBILITY TESTS 2026-06-19,partial,,configs/external_artifacts.yml src/maintenance/registry.py tests/test_external_freshness.py scripts/check_external_freshness.py docs/maintenance/EXTERNAL_DEPENDENCIES.md,"the project had ~8 dated `*_AS_OF` constants + vendored data + version couplings guarded by SCATTERED per-file freshness tests, with no single list + no upstream watch. Consolidated into: (1) `configs/external_artifacts.yml` = the SINGLE SO"
2026-06-19,data-arch/diagnostics,DATA-ARCHITECTURE FOLLOW-UP 2026-06-19,shipped,#410 #407,src/geo/data/dbip_country_lite.csv.gz,"**A — real IP-geo DB BUNDLED (Slice 6b complete):** db-ip.com 403s, but the DB-IP CC BY 4.0 MIRROR (sapics/ip-location-db, identical start,end,CC) is reachable → bundled the real country table `src/geo/data/dbip_country_lite.csv.gz` (~4.4 M"
2026-06-19,perf/scaling,DATA-ARCHITECTURE & SOURCE-IP BUILD 2026-06-19,partial,claude/modest-hopper-gisgst,src/analytics/envelope.py tests/test_envelope.py src/analytics/readmodel.py tests/test_readmodel_seam.py src/analytics/ tests/test_columnar_engine.py tests/test_article_identity_seams.py tests/test_source_ip_capture.py,"**Slice 1 — honesty envelope** `src/analytics/envelope.py` (Envelope{value,basis,as_of,method,n}; exact/estimated; as_of REQUIRED never fabricated; assert_no_score_fields run on it at import). tests/test_envelope.py. - **Slice 2 — counter f"
2026-06-19,backup/restore,FIELD TEST 2026-06-19 — THEME-3 ANALYSIS-WINDOW-PER-QUERY,partial,claude/gallant-bohr-1cogzj,,"the singleton #an analysis window became a MULTI-DOCUMENT WORKSPACE. A search / Lead / keyword now SPAWNS a NAMED, closeable, persisted TAB (`#an-tabstrip`) over the one render area; several searches coexist as parallel tabs (deduped by see"
2026-06-19,map/geo,FIELD TEST 2026-06-19 — LARGE-UI-REWRITE BATCH,partial,claude/gallant-bohr-1cogzj,,"batch-1 rulings (AskUserQuestion 2026-06-19): (1) THEME-3 = RETIRE BOTH the empty singleton #an AND the legacy #corpus-win modal → ONE analysis surface (analysis-window-per-query, named/closeable/ persisted spawned tabs + an Overview screen"
2026-06-19,ui/chrome,FIELD TEST 2026-06-19 — THEME-5 i18n: DE-TAGGING PHASE SLICE 2,shipped,#405 #399 claude/gallant-bohr-1cogzj,,"continued the de-tagging burn-down on the INSIGHTS-tab help texts — de-tagged 4 `<p class=""hint"">` paragraphs (dropped inline `<b>`/`<em>`, EXAMPLE/proper-noun tokens kept literal inside the sentence) + keyed them ×12: the LINKS citation-gr"
2026-06-19,keyword-engine,FIELD TEST 2026-06-19 — THEME-5 i18n: DE-TAGGING PHASE SLICE 1 ×12,partial,#404 claude/gallant-bohr-1cogzj,,STARTED the harder inline-tag de-tagging phase (the single-node tail being exhausted). De-tagged 3 help paragraphs in index.html (dropped the cosmetic inline `<strong>`/`<em>` so each `<p>` is ONE text node — the established ledger conventi
2026-06-19,keyword-engine,FIELD TEST 2026-06-19 — THEME-5 i18n: CLEAN CAPTIONS + LABELS SLICE ×12,partial,#403 claude/gallant-bohr-1cogzj,,"the easy-LABEL tail being nearly exhausted, this slice keyed the remaining CLEAN, SINGLE-NODE strings that need NO inline-tag de-tagging — 6 labels (Trends · User Manual · Value column · Value regex · View chain · Unit) + 5 complete honesty"
2026-06-19,stats/official-statistics,FIELD TEST 2026-06-19 — THEME-5 i18n: STATIC-LABEL BURN-DOWN SLICE ×12,partial,#402 claude/gallant-bohr-1cogzj,,"continued the documented panel tail — keyed 31 CLEAN, short, single-text-node chrome LABELS scattered across the Insights/Settings/Search/Sources panels (Add a source · Add rule · Add a custom extractor · Add a price-extraction rule · Advan"
2026-06-19,keyword-engine,FIELD TEST 2026-06-19 — THEME-5 i18n: THIS-SESSION'S UI STRINGS ×12,partial,#400 claude/gallant-bohr-1cogzj,,"keyed the 33 NEW visible strings the merged session added through `t()` with English fallback — so the session's OWN additions leave NO English-fallback debt. Covers P2-10 (the families member-chip + price-detail + Correlate labels), the TH"
2026-06-19,stats/official-statistics,FIELD TEST 2026-06-19 — THEME-2 IN-BROWSER OSM .pbf RENDERER,partial,#51 claude/gallant-bohr-1cogzj,src/static/osmpbf.js tests/osmpbf_node_test.js tests/test_osmpbf_parser.py,"the maintainer's chosen path to render a DOWNLOADED offline-map region with NO network + no heavy WebGL. NEW `src/static/osmpbf.js` = a dependency-free OSM PBF reader: protobuf varint/zigzag primitives, the BlobHeader/Blob container, zlib v"
2026-06-19,stats/official-statistics,FIELD TEST 2026-06-19 — THEME-5 i18n: SECURITY SENTENCES ×12,partial,#64 claude/gallant-bohr-1cogzj,,"the explicitly-named, security-CRITICAL subset of the THEME-5 tail — the airplane STATE titles (#5: ""Online — click to go offline (airplane mode)…"" / ""Offline (airplane mode) — click to go online; you'll be asked to confirm first."") and the"
2026-06-19,stats/official-statistics,FIELD TEST 2026-06-19 — THEME-5 i18n: STATUS-BAR + SESSION-NEW STRINGS ×12,partial,#59 #42 #64 claude/gallant-bohr-1cogzj,,"the always-on status pill showed hardcoded lowercase ""healthy""/ ""offline""/""checking…"" (the #59 named gap) — routed through `t()` and keyed ×12, plus this session's short new visible strings (""AI"" subtab #42, ""encrypted (AES-256-GCM)"" / ""pla"
2026-06-19,keyword-engine,FIELD TEST 2026-06-19 — P2-8 TRENDS AS CLICKABLE BAR GRAPHS,shipped,#25 claude/gallant-bohr-1cogzj,,"the Insights → Trends rising/top LISTS became clickable horizontal BAR graphs (`termBarsHtml`): keywords top→down, bar length ∝ the REAL measured value (rising = growth rate, top = mention count — normalised to the max, NEVER a composite sc"
2026-06-19,map/geo,FIELD TEST 2026-06-19 — THEME-2 WORLD MAP,partial,#14 #15 #51 claude/gallant-bohr-1cogzj,,"the unified ooMap (the world map after the 5b retire) got three contained, honesty-relevant fixes. (#14 near-time) the ""near in space & time"" co-occurrence used the SLIDER's focus window (~span/12 ≈ 166y on an antiquity→now span) so it link"
2026-06-19,misc,"FIELD TEST 2026-06-19 — P2-2 CARD DECLUTTER VIA A ""?"" AFFORDANCE",partial,#19 #66 #23 claude/gallant-bohr-1cogzj,,"the maintainer found Leads cluttered with the verbose ""why""/method. Consolidated the ""Why am I seeing this?"" (plain sentence + exact math) AND the Method into ONE per-card ""?"" affordance (`.card-info` `<details>`) at the BOTTOM-RIGHT of `.a"
2026-06-19,stats/official-statistics,FIELD TEST 2026-06-19 — P2-5/THEME-1 BROWSER-STYLE SUBTABS + P2-11 MODELS→AI,shipped,#31 #57 #42 claude/gallant-bohr-1cogzj,,"the maintainer found the subtab active-state ""unreliable"" and wants ONE homogeneous browser-tab look. Restyled `nav.tabs` (the universal ooSubtabs component, used by Insights/Settings/markets/ Home-families/task-manager/analysis) into a bas"
2026-06-19,stats/official-statistics,FIELD TEST 2026-06-19 — THEME-4 FULL LANGUAGE NAMES,partial,#52 #53 #16 claude/gallant-bohr-1cogzj,,"the maintainer wants the full language WORD everywhere a 2-letter code shows (except the top status-bar flag). Added `ooLangName(code)` — the language analog of `ooRegionName`, using the browser's own CLDR via `Intl.DisplayNames(type:""langu"
2026-06-19,stats/official-statistics,"FIELD TEST 2026-06-19 — P2-1 REMOVED THE ""CONTROVERSIAL"" SOURCE VERDICT",shipped,#50 #396 claude/gallant-bohr-1cogzj,,"maintainer — ""users should make their humble opinions."" Calling a source ""controversial"" is itself a VERDICT, so removing it INCREASES honesty (evidence-trails-not- verdicts). Dropped the per-source verdict everywhere: `agencies.py` to_dict"
2026-06-19,stats/official-statistics,FIELD TEST 2026-06-19 — P3 NETWORK/SAFETY POLISH,shipped,#64 claude/gallant-bohr-1cogzj,,"(#O-5) the go-online TRANSITION now flashes GREEN (`--ok`, the ""go"" signal) and go-offline a calm/grounded neutral (`--muted`) — the two were swapped (go-OFF was green, go-ON the accent). (#5) the airplane button's hover title is now STATE-"
2026-06-19,stats/official-statistics,FIELD TEST 2026-06-19 — P1 MARKETS SUBTAB ACTIVE-STATE,shipped,#31 #18 claude/gallant-bohr-1cogzj,,"the Markets category subtab kept ""All"" visually active after switching to another category (content filtered correctly, only the HIGHLIGHT was wrong). ROOT CAUSE: the universal `ooSubtabs` (invariant #18) captured its button array ONCE, but"
2026-06-19,keyword-engine,FIELD TEST 2026-06-19 — P1 LIVE LANGUAGE SWITCH RE-RENDERS CLDR NAMES,shipped,#16 claude/gallant-bohr-1cogzj,,"country/continent names updated only on a full page refresh. ROOT CAUSE: `ooRegionName`/ `Intl.DisplayNames` localize names at RENDER time, but the i18n DOM walker (`apply()`) translates by EXACT-English-string match — it cannot re-derive a"
2026-06-19,map/geo,FIELD TEST 2026-06-19 — P1 DOWNLOADS HONOUR AIRPLANE,partial,#36 #41 claude/gallant-bohr-1cogzj,src/wiki/dumps.py src/geo/osm_downloads.py,"two honesty bugs in the wiki-dump + OSM download managers. (1) The chunk loop checked ONLY the per-download Pause event, NOT the kill switch — a download started before airplane kept reading from its open socket after the toggle. FIX: `(sto"
2026-06-19,backup/restore,FIELD TEST 2026-06-19 — P0-4 IMPORT RECOMPUTES CORE-ENGINE METADATA,partial,claude/gallant-bohr-1cogzj,tests/test_reindex_on_import.py,"maintainer ruling on restore semantics — AI artifacts (translations/summaries/ai_keyword) kept AS-IS, but CORE-ENGINE derived data (keywords, date/place/entity extraction, sentiment) RECOMPUTED on import so an OLD backup aligns with the imp"
2026-06-19,backup/restore,FIELD TEST 2026-06-19 — P0-3 RESTORE PREVIEW ALWAYS ANSWERS JSON,partial,claude/gallant-bohr-1cogzj,tests/test_restore_preview_robust_errors.py,"two older-version backups failed to preview with ""JSON.parse: unexpected character at line 1 column 1"" — the SPA calls res.json() on every response, and an exception escaping `run_restore` (e.g. an old corpus's staged-migration failure) RE-"
2026-06-19,backup/restore,FIELD TEST 2026-06-19 — P0-2 BACKUP ENCRYPTION IS PROVABLY REAL,shipped,claude/gallant-bohr-1cogzj,tests/test_backup_encryption_real.py,"the maintainer saw an encrypted + a plaintext backup report the SAME size and asked ""is it actually encrypted?"". ROOT CAUSE = display rounding, NOT a broken cipher: `encrypt_bytes` is genuine AES-256-GCM + scrypt (OOENC1 header 48B + GCM ta"
2026-06-18,keyword-engine,"PERF — DENORMALISED KEYWORD COUNTERS, SLICE 1",shipped,#392 claude/nice-sagan-tompbw claude/nice-sagan-tompbw-s2,tests/test_keyword_counters.py tests/test_keyword_counter_queries.py,"`Keyword.mention_count` (SUM of per-article occurrence counts) + `Keyword.article_count` (DISTINCT articles) + `idx_keyword_mention_count`, maintained AT INDEX TIME so the hot whole-corpus aggregations can later read an indexed counter inst"
2026-06-18,perf/scaling,PERF — CACHE THE PER-QUERY ANALYSIS ENDPOINTS,partial,#372 claude/perf-graph-assoc-cache,tests/test_insights_cache.py,"/api/insights/associations (76s) + /graph (103s) are whole-corpus co-occurrence/PMI (genuinely heavy, not a simple pathology), explored ON-DEMAND by term. Extended the #372 TTL cache (`_cached`/`_ckey`, computed_at+cache_ttl_s+cached flag) "
2026-06-18,llm/ai,PERF — FRAMING 141s,partial,claude/perf-framing,tests/test_framing_perf.py,"/api/framing was the slowest endpoint — it ran VADER over the FULL text of up to 1000 articles AND concatenated all of each source's content for term-frequency, and the corpus includes long Wikipedia pages, so the pure-Python VADER + concat"
2026-06-18,keyword-engine,DIAGNOSTICS — STOPWORD-CANDIDATE DIGEST,partial,#366 claude/diag-stopword-candidates,tests/test_stopword_candidates.py,"the recursive-improvement loop is ""grow the not-a-keyword (stopword) list"", and the keyword log was a 24 MB dump of the top-5000/language keywords — the wrong shape. INSIGHT: a function word is SHORT, FREQUENT and UBIQUITOUS (spread across "
2026-06-18,stats/official-statistics,PERF — IDLE BROWSER-CPU 40%,partial,#14 claude/perf-idle-cpu,,"ROOT CAUSE — `#net-toggle.off` ran `animation: netpulse 2.2s infinite` animating a BOX-SHADOW forever. Airplane mode is the idle/default state, so the button pulsed at rest, and an animated box-shadow forces a full repaint every frame (a kn"
2026-06-18,perf/scaling,PERF — INSIGHTS READ CACHE + BACKGROUND WARM,partial,claude/perf-insights-cache,src/api/insights.py tests/test_insights_cache.py,"the whole-corpus read endpoints (top 2.7s, trending, trending-windows 8-36s POLLED 132x from Home, map-coverage 7-9s) GROUP BY over the full 829k-mention table EVERY call and recompute identical numbers. Added a short TTL cache (src/api/ins"
2026-06-18,stats/official-statistics,STATS DISPLAY CLEANUP + DATA-MODEL ASSESSMENT,shipped,#366 claude/stats-cleanup,src/discovery/channels.py,"removed three counters from the Database/Home stats (database._COUNTED_TABLES + the frontend HOME_STAT_LABELS, both render dynamically): `article_analyses` (""pointless"" — LLM summaries/translations are an internal artifact, not a corpus met"
2026-06-18,backup/restore,"BACKUP FIX — stage on disk, not tmpfs",partial,claude/fix-backup-tmpfs,tests/test_backup_staging.py,"ROOT CAUSE — backup_v2 created its temp file via `tempfile.mkstemp()` (default /tmp) and `write_backup_v2` builds in `dest.parent`, so the WHOLE build (a ~460 MB corpus snapshot + the ~460 MB zip + the final artifact) landed in /tmp, which "
2026-06-18,collector/scheduler,SOURCE-LANGUAGE GATING — unmanaged languages disabled by default,partial,claude/source-language-gating,src/analytics/managed.py tests/test_managed_languages.py,ONE source of truth `src/analytics/managed.py` (MANAGED_LANGUAGES = the 18 functional-stoplist langs en/fr/de/ es/it/pt/nl/ru/ar/hu/id/sv/da/nb/no/pl/sr/sl; UNSEGMENTED zh/ja; is_managed/is_unmanaged/language_status/ normalize_lang — engine
2026-06-18,keyword-engine,PERF — SUPERGROUPS 132s→fast,partial,,tests/test_supergroups.py,"the maintainer clicked Insights → Groups on a 10,252-article / 244,866-keyword / 829,226-mention corpus (408 MB encrypted, 2 cores, 5.6 GB RAM); /api/insights/supergroups took 132 s and FROZE the UI (clicks queued, airplane toggle unrespons"
2026-06-18,stats/official-statistics,TASK-MANAGER REDESIGN — WINDOWS-STYLE,partial,claude/taskmgr-windows-redesign,src/static/taskmanager.html src/monitoring/tasks.py,"the standalone /tasks page (src/static/taskmanager.html) rebuilt into a Windows-Task-Manager-style window: a PERSISTENT resource SUMMARY strip (state chip — Online·collecting / Airplane mode [red] / Idle, honest from activity.online — + liv"
2026-06-18,agenda/events,TIME-TO-FIRST-ARTICLE + TASK-MANAGER PHASE,partial,#359 claude/friendly-lamport-s3a1qa claude/taskmgr-phase-upnext,src/scheduler/runner.py src/ingest/__init__.py tests/test_collect_first_ordering.py src/static/taskmanager.html,"ROOT CAUSE (confirmed in code + by the maintainer's ""Collecting… fred.stlouisfed.org/ graph/fredgraph.csv…"" observation): `_default_run_once` ran the FIRST-RUN source preflight + feed_preflight (robots + SAMPLE-fetch of every market/calenda"
2026-06-18,llm/ai,INSTALL-SIZE ESTIMATES,partial,claude/friendly-lamport-s3a1qa,tests/test_installer.py,"install.sh now informs the user of ROUGH download sizes before the long pip step + in the component menus. Dated `SIZES_AS_OF=""2026-06""` + `component_mb`/`human_mb`/`extras_total_mb`/`print_download_estimate` helpers; per-component MB measu"
2026-06-17,backup/restore,UNINSTALL MODES + BACKUP-FIRST + CLEAN SHUTDOWN + AUDIT LOG,partial,,tests/test_uninstall.py,"REASSURANCE FIRST — the design was already system-safe: every Python dep installs into an ISOLATED `.venv` (install.sh), so uninstall = delete that one dir + launchers; it touches NO system/global packages (the only system packages are the "
2026-06-16,collector/scheduler,BANDWIDTH-GOVERNED COLLECTOR,partial,#23 claude/vibrant-hypatia-1g6e96,src/scheduler/bandwidth.py src/monitoring/collect_perf.py,"the user-facing collection control is now a DOWNLOAD-RATE target (kbps = kilobits/s, the consumer unit), NOT a raw task count — ""more intuitive"". A `BandwidthGovernor` (src/scheduler/bandwidth.py) varies how many sources are fetched at once"
2026-06-15,stats/official-statistics,AUTONOMOUS AUDIT 2026-06-15/16 — PR H = MONOLITH DECOMPOSITION,partial,#26,tests/test_static_assets.py src/api/_wiring.py tests/test_api_wiring.py,(1) FRONTEND: the ONE inline `<style>` + ONE inline `<script>` were programmatically extracted from index.html into cached `/static/app.css` (691 lines) + `/static/app.js` (7302 lines) — index.html 9677→1682 lines. The extraction is REVERSA
2026-06-15,llm/ai,AUTONOMOUS AUDIT 2026-06-15/16 — PR G = FRONTEND A11Y + POLLING BACKOFF,shipped,#24 #25,,"(1) CHART a11y — `ooChart` (canvas) gains role=""img"" + a translated aria-label summary + a visually-hidden per-series `.sr-only` data table; `dashChartSvg` (svg, already role=img) gains the aria-label + sr-table. Shared `_chartAria`/`_chart"
2026-06-15,backup/restore,AUTONOMOUS AUDIT 2026-06-15/16 — PR F = TEST COVERAGE + FLAKY GUARD,shipped,,src/backup/merge.merge_corpus,three NEW unit-isolated test files for under-tested modules: (1) test_merge_engine.py drives src/backup/merge.merge_corpus DIRECTLY on tiny plaintext SQLite corpora (no subprocess torture harness) — proves FK remap (article source_id rewrit
2026-06-15,misc,AUTONOMOUS AUDIT 2026-06-15/16 — PR E = reliability_score GUARD,shipped,,,"the field is operator-set provenance (migration f4b5c6d7e8a9 already NULLed the fabricated =5), but it shipped via /api/sources named ""...score"" with no method/caveat and was guarded only for credibility_score/political_bias. DEFAULT chosen"
2026-06-15,misc,AUTONOMOUS AUDIT 2026-06-15/16 — PR D = CI HYGIENE,shipped,,.github/workflows/ci.yml,`.github/workflows/ci.yml` gains (1) top-level `permissions: contents: read` (least privilege — CI only reads + tests); (2) action SHA pins — actions/checkout@11bd71901bbe5b1630ceea73d27597364c9af683 (# v4.2.2) + actions/setup-python@a26af6
2026-06-15,wikipedia,AUTONOMOUS AUDIT 2026-06-15/16 — PR C = SAFETY & PRIVACY HARDENING,shipped,,scripts/import_eml.py scripts/README src/wiki/dumps.py tests/test_wiki_path_safety.py,"(1) **scripts/import_eml.py DELETED** (the ledger-flagged retirement — broken vs the live Article schema AND it captured To/Cc/Bcc = the excluded recipient identity, violating anonymize-at-ingest; surfaced not silent; scripts/README row rem"
2026-06-15,stats/official-statistics,AUTONOMOUS AUDIT 2026-06-15/16,partial,#23,docs/audit,"PR A (caveats-visible, invariant #23 — above). PR B = DOC ACCURACY (docs-only): (1) the stale inline-handler figure (an onclick-only count from the 2026-06-14 audit) is now the verified **295** (229 onclick + 35 onchange + 15 onkeydown + 14"
2026-06-15,stats/official-statistics,SOLO SESSION 2026-06-15,partial,#236 #16 #226 claude/item-v-paused-status-honesty,docs/SOLO_SESSION_DECISIONS.md docs/audit/ src/static/app.js tests/test_keyword_log_digest_mode src/integrity/fixity.py src/verification/fixity.py tests/test_convergence.py scripts/import_eml.py,"**Item V SHIPPED — airplane-mode PAUSED status (status-honesty bug):** the activity chip painted green ""Collecting…"" while airplane mode had tripped the kill switch (the pass really stops) = a FABRICATED status. Now `_paintNetwork` persists"
2026-06-15,misc,TIME-SCOPE + MAP-MENTIONS BATCH,partial,#197 #16 #199 #201 #200,,"the maintainer-ruled ""dates + a visual range bar"" UX shipped as ONE reusable component `ooTimeScope` (PR #197: From/To date inputs + a draggable range bar with two handles, pointer+keyboard + presets 1M·6M·1Y·5Y·All as shortcuts; onChange({"
2026-06-15,stats/official-statistics,AUDIT REMEDIATION PASS,partial,#158,docs/audit/AUDIT_LOG_2026-06-14.md docs/audit/ACTION_PLAN_2026-06-14.md,"every finding re-verified at HEAD first (the audit was pinned at ba61162; #158 had already closed README count/restore + the ETHICS ""becomes functional"" line + the ARCHITECTURE Postgres section). SHIPPED+verified (full suite green, mypy 114"
2026-06-14,misc,QUARANTINE REMOVED TO AN ARCHIVE BRANCH,shipped,,docs/QUARANTINE_ARCHIVE.md src/__init__,"the ~79.5k-line `quarantine/` tree (legacy six-pillar trees + fabricated/dead modules, never imported, excluded from package/ruff/mypy/coverage) was removed from the working tree and preserved on the `quarantine-archive` branch. The honesty"
2026-06-13,misc,AUTONOMOUS BUILD 2026-06-13,partial,#106 #107 #108,src/database/write.py src/safety/fetcher.guarded_session src/database/writer.py tests/test_write_gate_dataloss.py tests/test_parallel_collect_guardrails.py,(1) CI HYGIENE — pinned mypy==2.1.0 + bandit==1.9.4 (unpinned tools had drifted: mypy 129>128 reddened EVERY PR; that masked a bandit B314); fixed 2 real latent bugs (429 handler exc.retry_after AttributeError; escape(None)); fixed B314 wit
2026-06-12,backup/restore,PERFORMANCE BATCH T1,shipped,#79,scripts/perf_harness.py,"measure→fix→re-measure at the live shape (6.4k articles / 228k keywords / 317 MB synthetic; `scripts/perf_harness.py`, zero network). Keyword export 14.1→4.0 s (encrypted 33.8→7.8 s), STREAMED, cap bounds the WORK, envelope byte-compatible "
2026-06-10,ui/chrome,Console/Desk FINAL verdict,shipped,,,"Desk RETIRED ENTIRELY — one interface, the Console (sidebar → icon rail). `desk.html` deleted; `/desk` 308-redirects to `/`; one launcher. Fold Desk's best ideas (task-framed home, ⌘K, calm) into the Console over time — never resurrect a se"
,keyword-engine,0.0.8-era shipped set,shipped,,,eye logo everywhere · sidebar rail · constant top-bar footprints · vitals strip · kill switch on Stop · source preflight + JSONL log · wiki edition dropdown · local-first reader links · related-by-keywords · Home fail-safe · 12 complete loc
2026-06-11,keyword-engine,Field log #1,shipped,,,"family over-merge guards; FRENCH stoplist block added (was missing entirely); first 10 equivalence rings; catalog pruned from live verdicts (13 defunct WPH codes, 4 Stooq indices robots-denied, Wilshire 404)."
2026-06-11,keyword-engine,Live-test batch,shipped,,,"mind-map radial-tree rules + cloud second view + date-spectrum control; super-groups pre-created (seed idempotent, user wins); keyword-log cap PER LANGUAGE (5000 — a global cap anglicises the export); temporal-map usability (focus-date inpu"
2026-06-11,keyword-engine,Extractors shipped,shipped,,,"location (gazetteer + country table, snippet provenance, ""deduced"" notes) and entities (PEOPLE and ORGANIZATIONS as separate classes by design; explainable rules with per-entry notes; org-claimed words never double as persons). Both surface"
2026-06-11,ui/chrome,Themes + bundled fonts,shipped,#10,,"17 themes + System; six SIL-OFL fonts bundled local-only; Typeface picker; visual-bug sweep fixed (range-slider styling, dead .drawer selectors, color-scheme, accent-color, /investigate theme sync). Invariants #10–12 enforce."
2026-06-11,keyword-engine,Agenda data-first slice,shipped,#13,,"MONTH GRID default view (Monday-start, Intl names in UI language, honest no-fixed-day strip, day-click details, recurring semantics in every browsed year); List stays; subscriptions + feed directory moved to Settings → Agenda; tab fully key"
2026-06-11,keyword-engine,De-US-centring first batch,shipped,,,"see queue entry for remainder; Library tab done (#library anchor, live-poll coverage, ISO-2 + full-name display)."
2026-06-11,misc,FULL AUDIT 06,shipped,,,"delivered with same-PR fixes (esc() apostrophes, ETHICS false banners, async_db quarantined, credibility default removed + NULLed, raw-requests helper removed, source counts trued up). Remediation queue above."
2026-06-11,backup/restore,DB-RELIABILITY + SQLCIPHER BATCH,partial,#76 #77,docs/design/DB_RELIABILITY_01_GAP_ANALYSIS.md,gap analysis + design in `docs/design/DB_RELIABILITY_01_GAP_ANALYSIS.md` / `_02_DESIGN.md` (D1–D7 decisions recorded there). Shipped: merge_batches/merged_rows provenance; staged-file migrations (alembic on arbitrary files — never the live 
2026-06-10,stats/official-statistics,Diagnostics channel,partial,#420 claude/keen-lamport-b4t3rh claude/amazing-tesla-z6bwkm,tests/test_dateextract.py src/timemap/datediag.py tests/test_date_diagnostics.py scripts/analyze_keyword_log.py tests/test_keyword_log_zip.py,"keyword log + network log + debug bundle, on-click only, never auto-transmitted. Maintainer protocol: click through the app, send the bundle. Temporal map ships PRECONFIGURED (bundled Natural Earth coastline, invariant-tested). **DIAGNOSTIC"
